Order Id,Company Id,Company Name,Date,Order Value,Converted
80EYLOKP9E762WKG,LJKS5NK6788CYMUU,Chimera-Chasing Casbah,2017-02-18,4875,1
TLEXR1HZWTUTBHPB,LJKS5NK6788CYMUU,Chimera-Chasing Casbah,2015-07-30,8425,0
839FKFW2LLX4LMBB,LJKS5NK6788CYMUU,Chimera-Chasing Casbah,2016-05-27,4837,0
97OX39BGVMHODLJM,LJKS5NK6788CYMUU,Chimera-Chasing Casbah,2018-09-27,343,0
5T4LGH4XGBWOD49Z,LJKS5NK6788CYMUU,Chimera-Chasing Casbah,2016-01-14,983,0
041ORQM5OIHTIU6L,LJKS5NK6788CYMUU,Chimera-Chasing Casbah,2014-08-24,4185,0
8QUW0UXQ3XHIL56W,LJKS5NK6788CYMUU,Chimera-Chasing Casbah,2018-06-09,3186,0
6CE8ZDK832NZWJX5,LJKS5NK6788CYMUU,Chimera-Chasing Casbah,2018-03-01,7634,0
DSG1EKQVYZD63WCS,LJKS5NK6788CYMUU,Chimera-Chasing Casbah,2015-01-04,2900,0
YT796QI18WNGZ7ZJ,LJKS5NK6788CYMUU,Chimera-Chasing Casbah,2014-04-12,5839,0
6YLROQT27B6HRF4E,LJKS5NK6788CYMUU,Chimera-Chasing Casbah,2015-07-28,8841,0
WYDFDKHADZPNGLEY,LJKS5NK6788CYMUU,Chimera-Chasing Casbah,2016-03-06,7044,0
5R53QASREK911LJV,LJKS5NK6788CYMUU,Chimera-Chasing Casbah,2018-08-26,5173,0
0X57BF04C3X3OHHB,LJKS5NK6788CYMUU,Chimera-Chasing Casbah,2015-11-21,1104,0
AT0R4DFYYAFOC88Q,LJKS5NK6788CYMUU,Chimera-Chasing Casbah,2014-07-21,1883,0
KJ5BSZH04HH05GD6,LJKS5NK6788CYMUU,Chimera-Chasing Casbah,2017-06-02,5176,1
YCC4FERSSE7IA31M,LJKS5NK6788CYMUU,Chimera-Chasing Casbah,2018-06-26,4418,0
5WS2WEUKWONW9FFS,LJKS5NK6788CYMUU,Chimera-Chasing Casbah,2018-05-07,376,0
CI0ML2FIU25S84QX,LJKS5NK6788CYMUU,Chimera-Chasing Casbah,2016-07-03,8070,0
C0E1XGLTSP9563UZ,LJKS5NK6788CYMUU,Chimera-Chasing Casbah,2014-06-25,409,0
2DDN2LHS7G85GKPQ,LJKS5NK6788CYMUU,Chimera-Chasing Casbah,2014-04-29,202,0
DP79KUFXD9OF3SMI,LJKS5NK6788CYMUU,Chimera-Chasing Casbah,2017-01-28,8457,0
FM608JK1N01BPUQN,36MFTZOYMTAJP1RK,Tangential Sheds,2014-05-08,3762,1
CK331XXNIBQT81QL,36MFTZOYMTAJP1RK,Tangential Sheds,2015-05-23,7746,0
FESGKOQN2OZZWXY3,36MFTZOYMTAJP1RK,Tangential Sheds,2016-01-10,6011,1
YITOTLOF0MWZ0VYX,36MFTZOYMTAJP1RK,Tangential Sheds,2016-10-03,3462,1
7J1KCHZUP4EVKIYH,36MFTZOYMTAJP1RK,Tangential Sheds,2018-03-09,7292,0
8RIGCF74GUEQHQEE,36MFTZOYMTAJP1RK,Tangential Sheds,2018-07-23,3438,0
TH60C9D8TPYS7DGG,36MFTZOYMTAJP1RK,Tangential Sheds,2016-12-15,8783,1
A0NDUHF4PSNWXFK7,36MFTZOYMTAJP1RK,Tangential Sheds,2014-07-19,6306,0
W1Y086SRAVUZU1AL,36MFTZOYMTAJP1RK,Tangential Sheds,2017-09-17,7683,0
WKB58Q8BHLOFQAB5,36MFTZOYMTAJP1RK,Tangential Sheds,2016-08-31,5024,0
LMYSFA4HVRRTK8G2,36MFTZOYMTAJP1RK,Tangential Sheds,2016-06-17,8154,1
N8DOG58MW238BHA9,36MFTZOYMTAJP1RK,Tangential Sheds,2018-12-25,9009,0
J2NWE7JXWK3ZXREJ,36MFTZOYMTAJP1RK,Tangential Sheds,2015-03-09,9633,0
DPDV9UGF0SUCYTGW,36MFTZOYMTAJP1RK,Tangential Sheds,2017-05-25,7779,0
KNF3E3QTOQ22J269,36MFTZOYMTAJP1RK,Tangential Sheds,2018-06-20,6013,0
LEED1HY47M8BR5VL,36MFTZOYMTAJP1RK,Tangential Sheds,2017-10-22,327,0
5WKB125WA6MI7111,36MFTZOYMTAJP1RK,Tangential Sheds,2014-11-09,8994,0
90PHMOWKMWJMLY40,36MFTZOYMTAJP1RK,Tangential Sheds,2016-08-06,6920,0
LSJPNJQLDTIRNWAL,36MFTZOYMTAJP1RK,Tangential Sheds,2017-01-27,9880,0
9HAK7VSOZCZIFBZZ,36MFTZOYMTAJP1RK,Tangential Sheds,2014-10-26,6153,0
6UX5RMHJ1GK1F9YQ,H3JRC7XX7WJAD4ZO,Two-Mile Grab,2014-08-24,6645,1
5SYB15QEFWD1E4Q4,H3JRC7XX7WJAD4ZO,Two-Mile Grab,2017-07-09,2620,0
CM1LNRTBGYPBHUGD,H3JRC7XX7WJAD4ZO,Two-Mile Grab,2018-08-04,7815,0
1TRTXRM3HQ0338H5,H3JRC7XX7WJAD4ZO,Two-Mile Grab,2014-09-06,8817,0
W5S8VZ61WJONS4EE,H3JRC7XX7WJAD4ZO,Two-Mile Grab,2017-03-25,6362,0
795SVIJKO8KS3ZEL,H3JRC7XX7WJAD4ZO,Two-Mile Grab,2015-01-05,7534,1
8070KEFYSSPWPCD0,H3JRC7XX7WJAD4ZO,Two-Mile Grab,2014-08-05,1422,0
TE8BXQIYJNTUOBZ5,H3JRC7XX7WJAD4ZO,Two-Mile Grab,2016-08-06,1597,0
RUQOHROBGBOSNUO4,H3JRC7XX7WJAD4ZO,Two-Mile Grab,2016-06-10,6367,1
BHC1Q9ALNE6NEHOZ,H3JRC7XX7WJAD4ZO,Two-Mile Grab,2018-06-25,7428,0
1L1X099HZ77FC71E,H3JRC7XX7WJAD4ZO,Two-Mile Grab,2016-09-28,7553,1
6P91QRADC2O9WOVT,H3JRC7XX7WJAD4ZO,Two-Mile Grab,2016-09-25,8004,1
DLEAUXF0Y3B9WCLP,H3JRC7XX7WJAD4ZO,Two-Mile Grab,2016-10-12,3848,0
AV70ZTPG7WYIZBHM,H3JRC7XX7WJAD4ZO,Two-Mile Grab,2014-01-30,4141,1
QDFNZBV98WY6DTES,H3JRC7XX7WJAD4ZO,Two-Mile Grab,2018-01-02,6367,0
304ABUWAKLULJZZ5,H3JRC7XX7WJAD4ZO,Two-Mile Grab,2016-09-25,2638,0
N8DEX5RIZLY2TN9S,H3JRC7XX7WJAD4ZO,Two-Mile Grab,2018-01-21,4565,0
KW1BDZL123HHU4FH,HB25MDZR0MGCQUGX,Three-Men-And-A-Helper Congo'S,2017-03-15,4398,0
C06H3L3ZMTPHZYE7,HB25MDZR0MGCQUGX,Three-Men-And-A-Helper Congo'S,2014-09-28,989,0
S35Y2T41PETM02Z8,HB25MDZR0MGCQUGX,Three-Men-And-A-Helper Congo'S,2015-01-25,5266,0
4P0WQVUN6E5EGYWK,HB25MDZR0MGCQUGX,Three-Men-And-A-Helper Congo'S,2016-06-12,7196,1
W2DPUS8PKQAVW63O,HB25MDZR0MGCQUGX,Three-Men-And-A-Helper Congo'S,2018-08-15,6207,0
F7RNUHMDYQS2OS3S,HB25MDZR0MGCQUGX,Three-Men-And-A-Helper Congo'S,2016-05-12,4581,0
E2XFDVKEKUIWPXY9,HB25MDZR0MGCQUGX,Three-Men-And-A-Helper Congo'S,2018-02-09,4938,0
BUP7RCDWVHJWMFQ8,HB25MDZR0MGCQUGX,Three-Men-And-A-Helper Congo'S,2018-10-20,7355,0
FIF56JW8NB30A7H6,HB25MDZR0MGCQUGX,Three-Men-And-A-Helper Congo'S,2015-08-16,6150,0
4TG5JOMX0NLJD63N,HB25MDZR0MGCQUGX,Three-Men-And-A-Helper Congo'S,2014-04-22,8782,0
1SLO340LG6K3VM71,HB25MDZR0MGCQUGX,Three-Men-And-A-Helper Congo'S,2015-01-03,8707,0
77V9JAZD90EU4YSS,HB25MDZR0MGCQUGX,Three-Men-And-A-Helper Congo'S,2014-04-13,3229,0
4W2R0J2IM1I7A8NN,HB25MDZR0MGCQUGX,Three-Men-And-A-Helper Congo'S,2015-08-20,4162,0
UPG6H94A6V1J1P4V,HB25MDZR0MGCQUGX,Three-Men-And-A-Helper Congo'S,2017-09-02,9051,0
FZYBTOF3HIZG29DE,HB25MDZR0MGCQUGX,Three-Men-And-A-Helper Congo'S,2016-07-01,5275,0
M990MB6AAZVNZ7L9,HB25MDZR0MGCQUGX,Three-Men-And-A-Helper Congo'S,2014-07-03,4168,0
0VQEIQ6KSX6VZD08,HB25MDZR0MGCQUGX,Three-Men-And-A-Helper Congo'S,2014-11-24,6634,1
EJG2RJHF1KWL9B8Q,HB25MDZR0MGCQUGX,Three-Men-And-A-Helper Congo'S,2015-08-23,577,1
J39WX3H2JIWZB9CG,HB25MDZR0MGCQUGX,Three-Men-And-A-Helper Congo'S,2018-04-26,776,0
96N69EAPPK0L5AZQ,HB25MDZR0MGCQUGX,Three-Men-And-A-Helper Congo'S,2017-08-24,3879,0
H944X2A26P5INPIK,HB25MDZR0MGCQUGX,Three-Men-And-A-Helper Congo'S,2016-12-12,5850,0
EDFLKG6HV4MA3R5V,HB25MDZR0MGCQUGX,Three-Men-And-A-Helper Congo'S,2016-06-17,5070,0
CPCL6LVOZUKO5THR,HB25MDZR0MGCQUGX,Three-Men-And-A-Helper Congo'S,2017-02-19,4645,0
9WQ7292N2B1KV69M,HB25MDZR0MGCQUGX,Three-Men-And-A-Helper Congo'S,2018-03-26,5334,0
H0WAISJM9ZM951EF,HB25MDZR0MGCQUGX,Three-Men-And-A-Helper Congo'S,2017-01-08,4543,0
BYUB69B9Y5IFJI2J,HB25MDZR0MGCQUGX,Three-Men-And-A-Helper Congo'S,2015-06-10,2317,0
1MNOUYD5H74PX8LK,7RVA8TIVBLBXMNO4,Biophysical Battleground,2015-07-26,7404,0
S1R4AUBCH6BFGM52,7RVA8TIVBLBXMNO4,Biophysical Battleground,2017-08-19,1259,0
6ODHUV6OBRPAUYTX,7RVA8TIVBLBXMNO4,Biophysical Battleground,2015-07-11,4801,0
AX56I4Q2LLODK7MW,7RVA8TIVBLBXMNO4,Biophysical Battleground,2017-09-27,2149,0
RWOML79PI4SYCW5Q,7RVA8TIVBLBXMNO4,Biophysical Battleground,2014-04-07,2767,0
31NXICAELIBWKM2F,7RVA8TIVBLBXMNO4,Biophysical Battleground,2018-09-05,6124,1
RSXZMEAFNS1PSTH8,7RVA8TIVBLBXMNO4,Biophysical Battleground,2016-07-13,8715,0
LZ3EU913X19TKE96,7RVA8TIVBLBXMNO4,Biophysical Battleground,2016-11-04,4039,0
CBF1PO08FZBGM1EI,7RVA8TIVBLBXMNO4,Biophysical Battleground,2014-06-10,7600,0
I7AGDMJYVJWSJHGC,7RVA8TIVBLBXMNO4,Biophysical Battleground,2016-11-04,1592,0
9IACXR9WYFFTJRTR,7RVA8TIVBLBXMNO4,Biophysical Battleground,2016-09-17,2766,0
6PB6DUI45YAXQW9A,7RVA8TIVBLBXMNO4,Biophysical Battleground,2018-10-11,4088,0
MLG5A3GGB5XBONG9,7RVA8TIVBLBXMNO4,Biophysical Battleground,2015-06-26,4293,0
TMF0O3LUSIFJWVN0,7RVA8TIVBLBXMNO4,Biophysical Battleground,2016-11-12,6491,0
V2XJAKMRT4YXPJR3,7RVA8TIVBLBXMNO4,Biophysical Battleground,2017-05-12,5955,0
ADQJB5JSQ1MHOS5F,7RVA8TIVBLBXMNO4,Biophysical Battleground,2015-06-26,1715,0
EAHUQC2IKV4LUXZC,7RVA8TIVBLBXMNO4,Biophysical Battleground,2017-10-12,8059,0
FPN2NJG87LBNVXOS,7RVA8TIVBLBXMNO4,Biophysical Battleground,2015-01-19,2993,1
AP7PK4WOUN7VFL0C,7RVA8TIVBLBXMNO4,Biophysical Battleground,2016-11-26,9234,0
7NK90OVCTIXFNYRG,7RVA8TIVBLBXMNO4,Biophysical Battleground,2017-06-03,2815,0
ZLBALMLWQND36W00,KKM6EZRN9W5NYXP6,Verbal Greenwich,2018-09-02,5318,0
M84KY0H9WE2TL2L0,KKM6EZRN9W5NYXP6,Verbal Greenwich,2015-10-09,2610,0
9GJJY7QEHYN0KK2T,KKM6EZRN9W5NYXP6,Verbal Greenwich,2015-03-17,5425,0
TDGETQOVDKQ7G75K,KKM6EZRN9W5NYXP6,Verbal Greenwich,2014-07-13,5465,0
O4UDE5749976MLEV,KKM6EZRN9W5NYXP6,Verbal Greenwich,2014-04-10,9004,0
WEZC6L6FUVZC3YDJ,KKM6EZRN9W5NYXP6,Verbal Greenwich,2017-06-12,4451,0
7OJ5C6JX3ECMX5TR,KKM6EZRN9W5NYXP6,Verbal Greenwich,2017-01-21,5699,0
FXNCE1CW9GERT73H,KKM6EZRN9W5NYXP6,Verbal Greenwich,2014-04-28,8361,0
NDIQL43R4XF00BP2,KKM6EZRN9W5NYXP6,Verbal Greenwich,2018-07-29,8314,0
GPNI3NBHY33SKGQ5,KKM6EZRN9W5NYXP6,Verbal Greenwich,2014-05-13,5417,1
8UO2V1M1E0NXNYNC,KKM6EZRN9W5NYXP6,Verbal Greenwich,2016-07-09,9135,0
9RJFV08PRDKI9XVT,KKM6EZRN9W5NYXP6,Verbal Greenwich,2017-08-20,3526,1
W0561AD63VBDU1P6,KKM6EZRN9W5NYXP6,Verbal Greenwich,2015-03-18,2279,0
H0G4ADIJUHT1VQ0F,KKM6EZRN9W5NYXP6,Verbal Greenwich,2018-09-21,2108,0
PU6RJ9MP60M1X9RA,KKM6EZRN9W5NYXP6,Verbal Greenwich,2015-08-23,1289,0
DUMNFB5O85U8X6BE,KKM6EZRN9W5NYXP6,Verbal Greenwich,2015-02-17,8237,0
5RABSU0AHNW2EGDW,KKM6EZRN9W5NYXP6,Verbal Greenwich,2017-05-22,5234,0
RZ8ANVAEKLILZS90,KKM6EZRN9W5NYXP6,Verbal Greenwich,2014-05-25,6793,0
AT53FXESFEOEPUYN,KKM6EZRN9W5NYXP6,Verbal Greenwich,2015-05-27,9620,1
XZRIYPEEHPW0PBUK,KKM6EZRN9W5NYXP6,Verbal Greenwich,2014-05-23,843,0
9WNXZMFWU3Z53L9K,KKM6EZRN9W5NYXP6,Verbal Greenwich,2018-03-17,5257,0
53LDBYOKQD8YKGQA,KKM6EZRN9W5NYXP6,Verbal Greenwich,2017-10-06,6231,0
79PI0RH37Z4JPHAW,KKM6EZRN9W5NYXP6,Verbal Greenwich,2015-05-18,1875,0
0BHU2OLZXRLHW7YN,KKM6EZRN9W5NYXP6,Verbal Greenwich,2016-09-19,2737,0
ZM8E082FEWVLHZ93,KKM6EZRN9W5NYXP6,Verbal Greenwich,2015-09-29,4430,1
KCC7H7KU44XQHZ71,NBJDWUB8J2DHLH29,Unpremeditated Heliopolis,2016-04-20,7363,0
MNPOI21XTC7BS56B,NBJDWUB8J2DHLH29,Unpremeditated Heliopolis,2016-04-26,444,1
AMJA3KBWZWN7S4B2,NBJDWUB8J2DHLH29,Unpremeditated Heliopolis,2016-10-08,8136,1
SUKNQOP58IOA3MPT,NBJDWUB8J2DHLH29,Unpremeditated Heliopolis,2016-08-15,7148,0
71TL6DY3X4H3P28C,NBJDWUB8J2DHLH29,Unpremeditated Heliopolis,2014-07-15,8423,1
4QZI9WC1HDBEI20L,NBJDWUB8J2DHLH29,Unpremeditated Heliopolis,2017-11-15,628,0
XL6QT6D5QQL46ATJ,NBJDWUB8J2DHLH29,Unpremeditated Heliopolis,2018-07-21,5878,1
2XP9ETFTC804KQPM,NBJDWUB8J2DHLH29,Unpremeditated Heliopolis,2018-11-16,6088,0
6Y900PSOU7ZDV34M,NBJDWUB8J2DHLH29,Unpremeditated Heliopolis,2015-09-09,5697,0
0D778LL4ID5J2W91,NBJDWUB8J2DHLH29,Unpremeditated Heliopolis,2015-05-05,1760,0
PNG87HYUMCG1HF3F,NBJDWUB8J2DHLH29,Unpremeditated Heliopolis,2016-07-10,7179,0
0JSKJA646COD0591,NBJDWUB8J2DHLH29,Unpremeditated Heliopolis,2016-06-03,9364,0
4EQSQP05EV0SQUAW,NBJDWUB8J2DHLH29,Unpremeditated Heliopolis,2018-09-09,8077,0
WR15UB6O3FH9P0L9,NBJDWUB8J2DHLH29,Unpremeditated Heliopolis,2016-09-24,886,0
III4SSOWCHFS17YQ,NBJDWUB8J2DHLH29,Unpremeditated Heliopolis,2018-04-12,4672,0
L257CSOXV5LEH9UH,NBJDWUB8J2DHLH29,Unpremeditated Heliopolis,2016-12-02,2996,1
MMCUCU4ON5MZ5OWY,NBJDWUB8J2DHLH29,Unpremeditated Heliopolis,2018-04-06,7911,0
KUP2CXA0GEUDD5QS,NBJDWUB8J2DHLH29,Unpremeditated Heliopolis,2018-10-18,2057,0
6LNSYOH9SR5Y2DFQ,NBJDWUB8J2DHLH29,Unpremeditated Heliopolis,2015-08-04,7321,0
WEOXQPAKVF3TYFZL,D3Q0HECTK80RRGGO,Excitatory Joint,2016-01-30,7807,0
E804D4882DAN5AG9,D3Q0HECTK80RRGGO,Excitatory Joint,2016-11-07,8981,0
1Z0BTY402ZTUFTWD,D3Q0HECTK80RRGGO,Excitatory Joint,2014-03-28,7133,0
SHZHLE9ETJIIKOJP,D3Q0HECTK80RRGGO,Excitatory Joint,2015-05-19,1453,0
CJD4ZTWZDVO1BBI8,D3Q0HECTK80RRGGO,Excitatory Joint,2014-11-21,2193,1
R4XRDUKBXHA4PEOP,D3Q0HECTK80RRGGO,Excitatory Joint,2017-09-17,5681,0
E9NAN8LHODUSVBKU,D3Q0HECTK80RRGGO,Excitatory Joint,2014-10-22,6208,0
JY6ATCZZOZUOK215,D3Q0HECTK80RRGGO,Excitatory Joint,2018-05-03,9014,0
HGBPUR77K9S4DTRR,D3Q0HECTK80RRGGO,Excitatory Joint,2018-06-28,9191,0
91RYCCZF02FIXGS6,D3Q0HECTK80RRGGO,Excitatory Joint,2017-01-20,9552,0
47I3EAUZMZUXKGPS,D3Q0HECTK80RRGGO,Excitatory Joint,2016-12-02,4900,0
SJXFU920L0K2QHXV,D3Q0HECTK80RRGGO,Excitatory Joint,2014-04-22,3205,1
SN7BEMDXX1RPF2UT,D3Q0HECTK80RRGGO,Excitatory Joint,2017-08-18,7681,0
MX2YPAEU69DUOQQZ,D3Q0HECTK80RRGGO,Excitatory Joint,2017-12-03,3445,0
MF12NN0TAJDIW7TK,D3Q0HECTK80RRGGO,Excitatory Joint,2014-09-20,2174,0
U303YUJXGRSJBK53,D3Q0HECTK80RRGGO,Excitatory Joint,2017-09-21,8371,0
O5ERYWAXQYGDEKNX,D3Q0HECTK80RRGGO,Excitatory Joint,2014-10-22,386,1
V40G67JI8A83ZD5K,D3Q0HECTK80RRGGO,Excitatory Joint,2014-11-01,6994,0
US1A0DHSYO98LPXQ,D3Q0HECTK80RRGGO,Excitatory Joint,2018-01-18,7766,1
X3KU73CF9D0XS3VO,D3Q0HECTK80RRGGO,Excitatory Joint,2016-12-10,3327,1
YCM5I6LNR2OHQYV4,D3Q0HECTK80RRGGO,Excitatory Joint,2018-12-23,6058,0
C7FC12OSXWX91T0O,D3Q0HECTK80RRGGO,Excitatory Joint,2018-05-10,6441,0
GNLNYNMPTR4931KT,KGJBNJQHPF0WZ6SI,Dandy Fist,2015-10-11,5798,0
NKTFNOZ5ERHKU4N5,KGJBNJQHPF0WZ6SI,Dandy Fist,2015-03-06,7506,0
7R64L37LXDA0I6F7,KGJBNJQHPF0WZ6SI,Dandy Fist,2017-05-24,3360,0
7TCLDC2ID53PVIL1,KGJBNJQHPF0WZ6SI,Dandy Fist,2016-08-21,7466,0
XW8G90SR3LUYUYPA,KGJBNJQHPF0WZ6SI,Dandy Fist,2017-07-12,5420,0
ZPF427Z87FFFWJNW,KGJBNJQHPF0WZ6SI,Dandy Fist,2016-11-28,2346,0
PNP8BB0B39BYWGL1,KGJBNJQHPF0WZ6SI,Dandy Fist,2015-03-21,8077,0
X897D4L4HN6PJXOB,KGJBNJQHPF0WZ6SI,Dandy Fist,2015-07-10,2780,0
YFWY6ML1I2EXZLCS,KGJBNJQHPF0WZ6SI,Dandy Fist,2018-12-22,351,0
U5L3DIA4T868ALK7,KGJBNJQHPF0WZ6SI,Dandy Fist,2017-10-29,1527,0
UI4M5YYH938PQNUB,KGJBNJQHPF0WZ6SI,Dandy Fist,2018-10-23,4661,0
P07DDK8SD27H0KXR,KGJBNJQHPF0WZ6SI,Dandy Fist,2018-10-19,2253,0
KQTT4M3ZJXD22YZB,KGJBNJQHPF0WZ6SI,Dandy Fist,2014-07-21,1483,0
S3DAFDQR6LXTNH5O,KGJBNJQHPF0WZ6SI,Dandy Fist,2018-04-07,6733,0
N0AUKE5HOBKPZVYA,KGJBNJQHPF0WZ6SI,Dandy Fist,2018-04-16,5293,0
GMBH1O5T7P5SZOZZ,KGJBNJQHPF0WZ6SI,Dandy Fist,2017-08-10,8114,0
L5NHTF8CNED8BF19,KGJBNJQHPF0WZ6SI,Dandy Fist,2017-01-26,3556,0
IWT28DFEV57TT5JJ,KGJBNJQHPF0WZ6SI,Dandy Fist,2016-02-05,8187,0
XZ3ANE1ERIWGH3WP,KGJBNJQHPF0WZ6SI,Dandy Fist,2018-02-11,5111,0
UG3GDH1IBZMS455B,KGJBNJQHPF0WZ6SI,Dandy Fist,2016-07-13,3049,1
0MCKZMUWGRB11YO8,7FLAHMERFCITB6RT,Various Caesar,2014-08-11,1782,1
K0Y45BWK354B2OKA,7FLAHMERFCITB6RT,Various Caesar,2015-03-10,977,1
FJDG71C5R2K85AL3,7FLAHMERFCITB6RT,Various Caesar,2017-12-10,270,0
DIK1XR48OIZCN2K5,7FLAHMERFCITB6RT,Various Caesar,2017-07-06,1754,0
BV35V7ENONFVU7NM,7FLAHMERFCITB6RT,Various Caesar,2015-02-24,478,0
MC45IK7KAKVWUPPZ,7FLAHMERFCITB6RT,Various Caesar,2015-09-16,4017,0
X6ZDT6P0874W78RC,7FLAHMERFCITB6RT,Various Caesar,2014-10-02,2442,1
6485L77OUG59X2OT,7FLAHMERFCITB6RT,Various Caesar,2014-11-03,2118,0
22YSOLIP0T9DKIZV,7FLAHMERFCITB6RT,Various Caesar,2016-03-04,8036,0
20AXQRCM0KS0CXUY,7FLAHMERFCITB6RT,Various Caesar,2017-06-02,3528,0
4EX11YI1WDPC4X9S,7FLAHMERFCITB6RT,Various Caesar,2015-08-08,5800,1
MQOV98NN4CB77EQJ,7FLAHMERFCITB6RT,Various Caesar,2016-08-11,8063,0
8XTU6XYGO878LCKU,7FLAHMERFCITB6RT,Various Caesar,2016-09-25,7873,0
HKIEB5FCPQM7462E,7FLAHMERFCITB6RT,Various Caesar,2014-07-18,7007,0
XZC8I9HZ1S8X38IB,7FLAHMERFCITB6RT,Various Caesar,2018-06-25,2869,0
Q2NTDCNARNQVV4N5,7FLAHMERFCITB6RT,Various Caesar,2015-09-19,9107,0
0M4NXC9R68CXQBBX,7FLAHMERFCITB6RT,Various Caesar,2017-05-07,9192,0
AV26EZ6B8RU3XBKG,7FLAHMERFCITB6RT,Various Caesar,2016-05-03,7582,0
1PV5IN27W27TEL87,7FLAHMERFCITB6RT,Various Caesar,2016-12-22,7978,0
BIYM8E4SGXJIA97E,JYRK7UHZXGX4DLSX,Unhesitant Capercailzie,2016-11-13,2873,0
UX2C1MDJ9F203UL2,JYRK7UHZXGX4DLSX,Unhesitant Capercailzie,2017-04-06,4835,0
DQL5USGKJNNJVSNI,JYRK7UHZXGX4DLSX,Unhesitant Capercailzie,2015-01-27,8501,0
P84WQ1CC9ABHS6S6,JYRK7UHZXGX4DLSX,Unhesitant Capercailzie,2014-10-10,3475,0
UHKTOINVFEYMV562,JYRK7UHZXGX4DLSX,Unhesitant Capercailzie,2017-08-11,3618,1
O13P6EZWBUNUSOUK,JYRK7UHZXGX4DLSX,Unhesitant Capercailzie,2018-07-07,1806,0
5R1H2079QLL17D3U,JYRK7UHZXGX4DLSX,Unhesitant Capercailzie,2014-10-30,4333,0
J40JLFEJUX25GA99,JYRK7UHZXGX4DLSX,Unhesitant Capercailzie,2014-09-18,2065,0
N8FVMWHIHHUT78VI,JYRK7UHZXGX4DLSX,Unhesitant Capercailzie,2017-03-17,9644,0
XSHEVFGFDM4P8B82,JYRK7UHZXGX4DLSX,Unhesitant Capercailzie,2015-07-03,8895,1
O1B6G566ZLL24B9V,JYRK7UHZXGX4DLSX,Unhesitant Capercailzie,2016-11-16,7807,0
Q8E7LOK7XL94PZJK,JYRK7UHZXGX4DLSX,Unhesitant Capercailzie,2016-01-05,567,1
NZ5VWK4GACL1QLTW,JYRK7UHZXGX4DLSX,Unhesitant Capercailzie,2018-02-12,6655,0
RMCP1DPP68JHNMZQ,JYRK7UHZXGX4DLSX,Unhesitant Capercailzie,2014-08-18,2917,0
E1FDSV5IG8Y9T2YL,JYRK7UHZXGX4DLSX,Unhesitant Capercailzie,2014-10-08,4658,1
A9HO2L734OOU7DFC,JYRK7UHZXGX4DLSX,Unhesitant Capercailzie,2015-01-07,3407,0
0BNOA7PMMRO9B685,JYRK7UHZXGX4DLSX,Unhesitant Capercailzie,2017-05-13,4533,0
AIY1UNQ76NEAS142,JYRK7UHZXGX4DLSX,Unhesitant Capercailzie,2017-03-02,1821,0
CQIWQ5OGLUR9EXI4,JYRK7UHZXGX4DLSX,Unhesitant Capercailzie,2014-11-28,9917,0
WTL1WS0Y58KQ1P5Q,JYRK7UHZXGX4DLSX,Unhesitant Capercailzie,2017-08-22,7060,1
EXLV8NQJOWWA3SGZ,JYRK7UHZXGX4DLSX,Unhesitant Capercailzie,2015-10-24,9660,0
7D5NP1FETHNE9G4H,JYRK7UHZXGX4DLSX,Unhesitant Capercailzie,2017-10-04,3695,0
JDDBNI8K2MXEEGPD,JYRK7UHZXGX4DLSX,Unhesitant Capercailzie,2015-02-20,4051,0
MCW5TOIBAUVQNTZS,JYRK7UHZXGX4DLSX,Unhesitant Capercailzie,2016-12-24,6253,0
7IO0GPQDMZ7S7CMQ,JYRK7UHZXGX4DLSX,Unhesitant Capercailzie,2017-05-10,7129,0
PR3IBVO2O0QSW8DH,JYRK7UHZXGX4DLSX,Unhesitant Capercailzie,2018-07-29,2687,0
8TR22C5VIXFOBX0L,TAW7IY2L2IKUCCGC,Priestly Item-Categories,2014-05-09,2066,0
LD7ICLGCAPDVJAH0,TAW7IY2L2IKUCCGC,Priestly Item-Categories,2014-07-18,4099,0
TARU7P801K80QV8F,TAW7IY2L2IKUCCGC,Priestly Item-Categories,2016-08-20,5140,1
9GVA2LJJ7LLMQXUV,TAW7IY2L2IKUCCGC,Priestly Item-Categories,2017-06-08,758,1
B5N53HUZUDIYYEEQ,TAW7IY2L2IKUCCGC,Priestly Item-Categories,2016-02-21,2306,0
SKCU5DZCO0X6STX0,TAW7IY2L2IKUCCGC,Priestly Item-Categories,2018-01-20,9001,0
N7VO0G3FCUHN1DOK,TAW7IY2L2IKUCCGC,Priestly Item-Categories,2015-10-06,711,0
L0N408YQ5QWWECST,TAW7IY2L2IKUCCGC,Priestly Item-Categories,2015-07-06,1961,0
L0ANPFOCXB559AUQ,TAW7IY2L2IKUCCGC,Priestly Item-Categories,2016-09-15,4802,1
T0584YY2M13PLU1R,TAW7IY2L2IKUCCGC,Priestly Item-Categories,2017-05-12,8606,0
NF1HZ2S7ES4UPUSW,TAW7IY2L2IKUCCGC,Priestly Item-Categories,2016-03-19,3898,0
GBDXUHDI38G5FYPZ,TAW7IY2L2IKUCCGC,Priestly Item-Categories,2018-10-02,6224,0
08ED30RUYOG50EXB,TAW7IY2L2IKUCCGC,Priestly Item-Categories,2016-02-16,2710,0
RG249729KT2X4418,TAW7IY2L2IKUCCGC,Priestly Item-Categories,2016-11-15,9500,0
BXER6NI805VO9NB4,TAW7IY2L2IKUCCGC,Priestly Item-Categories,2018-10-31,3086,0
B694NA2M7NJXRAUV,TAW7IY2L2IKUCCGC,Priestly Item-Categories,2016-04-21,628,0
IFWFCKR8TRAGCLSN,TAW7IY2L2IKUCCGC,Priestly Item-Categories,2015-09-03,5201,0
X2L03IP73K1Z1E73,TAW7IY2L2IKUCCGC,Priestly Item-Categories,2018-04-07,9777,0
MCPFDC67TXWEM3YE,TAW7IY2L2IKUCCGC,Priestly Item-Categories,2014-11-27,9669,0
XDI8LZYQLYM1IVLS,TAW7IY2L2IKUCCGC,Priestly Item-Categories,2018-01-01,6806,0
KVYHY3R6LGHEASQD,TAW7IY2L2IKUCCGC,Priestly Item-Categories,2017-01-13,4169,0
C9YK3ZJ1UXQF3EVT,NUQS9SHQH6IU92V8,Paleocortical Boatloads,2015-05-31,3205,1
CW1NWMRNACRZU9LD,NUQS9SHQH6IU92V8,Paleocortical Boatloads,2016-03-26,3213,0
AYY9PCZUJO3O4WEY,NUQS9SHQH6IU92V8,Paleocortical Boatloads,2016-03-02,1334,0
XMIIBIZ3TNASFQAO,NUQS9SHQH6IU92V8,Paleocortical Boatloads,2016-04-10,473,0
PSIF6GVMSLM2MYD2,NUQS9SHQH6IU92V8,Paleocortical Boatloads,2016-11-28,2191,1
1E6NS6IM1UW4DK9T,NUQS9SHQH6IU92V8,Paleocortical Boatloads,2016-08-03,6016,0
SN05KOIHQG501JSG,NUQS9SHQH6IU92V8,Paleocortical Boatloads,2016-03-14,3131,1
EZAF7VULQYUPEJ9E,NUQS9SHQH6IU92V8,Paleocortical Boatloads,2018-12-19,399,0
TQZ0SRSQDMDYJGIB,NUQS9SHQH6IU92V8,Paleocortical Boatloads,2018-10-16,198,0
Z2OJ4S441SRGNRXX,NUQS9SHQH6IU92V8,Paleocortical Boatloads,2017-11-22,5380,0
26GUMPD6ZYA6WWQX,NUQS9SHQH6IU92V8,Paleocortical Boatloads,2017-03-07,376,0
WYPN9M9H6O01E7Q9,NUQS9SHQH6IU92V8,Paleocortical Boatloads,2014-12-13,1525,0
6SH3S27UW3ANE2N5,NUQS9SHQH6IU92V8,Paleocortical Boatloads,2018-09-27,5400,0
S8NO361OIWPHFNWU,NUQS9SHQH6IU92V8,Paleocortical Boatloads,2017-10-27,8039,0
RBUGYYU8SSUWLTDK,NUQS9SHQH6IU92V8,Paleocortical Boatloads,2016-06-01,8975,0
2P2FA216PELC1IPD,NUQS9SHQH6IU92V8,Paleocortical Boatloads,2017-05-04,4330,1
VAV8BIAQX7D3SI4F,NUQS9SHQH6IU92V8,Paleocortical Boatloads,2017-01-11,9157,0
Q7C16LWLFP0DKAFG,NUQS9SHQH6IU92V8,Paleocortical Boatloads,2016-10-20,2730,0
0CD1BR7HEILGQI67,NUQS9SHQH6IU92V8,Paleocortical Boatloads,2016-08-26,8878,0
ZRP44ZI0JZJ6YJH0,PQ79N68UEQ9FFCPU,Editorial Paintbrush,2016-10-20,7412,1
GFBLCUWJH23U3DAL,PQ79N68UEQ9FFCPU,Editorial Paintbrush,2018-01-19,5273,0
9EPT44W4A03QRFGP,PQ79N68UEQ9FFCPU,Editorial Paintbrush,2015-07-19,1902,1
11K0DZUPHJ64FX4B,PQ79N68UEQ9FFCPU,Editorial Paintbrush,2014-07-23,8951,0
UI3A45ACMR0LYM1N,PQ79N68UEQ9FFCPU,Editorial Paintbrush,2017-09-10,6436,1
OXX1WA2USIYH69SU,PQ79N68UEQ9FFCPU,Editorial Paintbrush,2018-09-01,1647,0
IRMI0DSQ0D63T6JP,PQ79N68UEQ9FFCPU,Editorial Paintbrush,2015-12-29,9258,0
7JAKJVWML04M7P6M,PQ79N68UEQ9FFCPU,Editorial Paintbrush,2015-07-12,8307,0
3ZP4NM8C92BM99EP,PQ79N68UEQ9FFCPU,Editorial Paintbrush,2015-04-11,9306,0
I3PHYA05IVXIQMYM,PQ79N68UEQ9FFCPU,Editorial Paintbrush,2018-08-22,6464,0
MPQHXFTZGOI68QRM,PQ79N68UEQ9FFCPU,Editorial Paintbrush,2017-08-16,7544,0
3EPFXQZG2Z7UQL6I,PQ79N68UEQ9FFCPU,Editorial Paintbrush,2016-05-16,4633,1
UZXP6F2RJC2MFNGN,PQ79N68UEQ9FFCPU,Editorial Paintbrush,2014-12-11,6384,0
VA21RPHKRXPA7Z6G,PQ79N68UEQ9FFCPU,Editorial Paintbrush,2015-11-13,997,0
VZ24PELY5HVNXT1D,PQ79N68UEQ9FFCPU,Editorial Paintbrush,2015-12-24,263,1
F7BV665ZKMMG3OIW,93DU98KT3NZCOW58,Victorian Aim,2018-04-09,8698,0
ZTZ112TP2OS71ECZ,93DU98KT3NZCOW58,Victorian Aim,2017-09-22,4222,0
DXNX6ATOF92U0N3I,93DU98KT3NZCOW58,Victorian Aim,2017-01-09,8572,0
AW6QVY220YVT9AZG,93DU98KT3NZCOW58,Victorian Aim,2015-10-25,6438,0
0SU27Q8GKWLPA527,93DU98KT3NZCOW58,Victorian Aim,2017-12-20,3083,0
91T8A0W5OFCTCXJJ,93DU98KT3NZCOW58,Victorian Aim,2018-08-04,8500,0
UX718KXCGGIIW4BJ,93DU98KT3NZCOW58,Victorian Aim,2014-01-11,3979,1
DZFOATWANU3ED7AJ,93DU98KT3NZCOW58,Victorian Aim,2016-01-05,9377,1
UG0280IDONLPXNUL,93DU98KT3NZCOW58,Victorian Aim,2014-02-07,5733,1
GGYMGFWO02V8ACJW,93DU98KT3NZCOW58,Victorian Aim,2017-10-04,3482,0
NDTIIPOH18OM1OI3,93DU98KT3NZCOW58,Victorian Aim,2014-06-16,6772,1
FR1E7KLRFM68RXIX,93DU98KT3NZCOW58,Victorian Aim,2016-05-24,8142,0
YVOTFYCKNHOE3ACH,93DU98KT3NZCOW58,Victorian Aim,2014-05-12,450,0
8GEKZMQRLCHS5588,93DU98KT3NZCOW58,Victorian Aim,2014-03-08,2500,0
J5ZDGO8GW19BH4IG,93DU98KT3NZCOW58,Victorian Aim,2018-01-02,8821,0
D40XU02TAQBETTEI,93DU98KT3NZCOW58,Victorian Aim,2015-03-30,8689,1
BDZXTN9SP1FE913C,93DU98KT3NZCOW58,Victorian Aim,2014-08-06,5303,0
TLOM9MYKZTPPQX4Q,93DU98KT3NZCOW58,Victorian Aim,2015-11-12,8100,0
WJZ6EUGNG7SXIOIS,93DU98KT3NZCOW58,Victorian Aim,2014-04-29,1345,0
7H3C3HVWWQ44UI3T,93DU98KT3NZCOW58,Victorian Aim,2016-08-11,1714,0
RWU7GWT08TQQV7AZ,93DU98KT3NZCOW58,Victorian Aim,2016-04-27,9739,0
TE0500JCPZUSWZZA,93DU98KT3NZCOW58,Victorian Aim,2015-04-05,2065,0
WPLI95GWCIZX4CCH,93DU98KT3NZCOW58,Victorian Aim,2014-11-24,6920,0
71NAMLVMEQSS3CJX,HYENPHTT6GZ7O2WY,Atune Endowment,2016-11-04,4684,0
BIJ2G4D01OIFSQRP,HYENPHTT6GZ7O2WY,Atune Endowment,2018-08-28,3071,0
KZREEGLWIFZSE2BL,HYENPHTT6GZ7O2WY,Atune Endowment,2015-07-16,9206,0
XEB7374NHBQM2GHX,HYENPHTT6GZ7O2WY,Atune Endowment,2017-02-18,7286,1
M3SEW0N0DN2NCLZF,HYENPHTT6GZ7O2WY,Atune Endowment,2014-07-14,8588,0
NZ0ACGW0D7Z1LUJS,HYENPHTT6GZ7O2WY,Atune Endowment,2018-11-08,6190,0
WFPGIJ5FWVUR0MDD,HYENPHTT6GZ7O2WY,Atune Endowment,2015-04-24,1676,0
4HXVHUHVCX5NLJBL,HYENPHTT6GZ7O2WY,Atune Endowment,2014-06-05,244,0
5UEVA18TR6R27B6S,HYENPHTT6GZ7O2WY,Atune Endowment,2015-01-25,2746,0
QMXPALMHBL805KH7,HYENPHTT6GZ7O2WY,Atune Endowment,2017-03-23,1595,0
9V2S834CCYVKT0L1,HYENPHTT6GZ7O2WY,Atune Endowment,2017-02-09,2980,0
29PGKTVH9XILX9R0,HYENPHTT6GZ7O2WY,Atune Endowment,2017-05-28,8427,0
OULJIDK8HJ36P760,HYENPHTT6GZ7O2WY,Atune Endowment,2018-09-08,9136,0
S6NZ55771929OQBP,HYENPHTT6GZ7O2WY,Atune Endowment,2014-10-26,7917,0
53EB09BFE5K0WYVO,HYENPHTT6GZ7O2WY,Atune Endowment,2016-12-29,2157,0
S51BMB1QC3NDWZOJ,HYENPHTT6GZ7O2WY,Atune Endowment,2014-11-13,4343,0
3YV5Z6O0M7AREQU0,HYENPHTT6GZ7O2WY,Atune Endowment,2018-03-14,3930,1
0PLRQ71FXIC0941O,HYENPHTT6GZ7O2WY,Atune Endowment,2016-04-07,8632,0
KAA08VEKBKWFS0D3,BQMPJF0W2Z2E0PEW,Industrial Opinions,2018-04-12,3296,0
V6G3EYLGJDF5G2B1,BQMPJF0W2Z2E0PEW,Industrial Opinions,2018-06-29,7400,0
URWK5DN1BMKWFLIQ,BQMPJF0W2Z2E0PEW,Industrial Opinions,2017-10-11,6883,0
CPGAVOUWDG36PWWM,BQMPJF0W2Z2E0PEW,Industrial Opinions,2014-03-26,2466,1
LDAA14H3QIBJQVK1,BQMPJF0W2Z2E0PEW,Industrial Opinions,2017-05-08,9240,0
TQONO1SYLK1V2F0B,BQMPJF0W2Z2E0PEW,Industrial Opinions,2015-07-22,9579,0
KLKZ6MPNS3NZVEZ4,BQMPJF0W2Z2E0PEW,Industrial Opinions,2017-09-29,6829,0
QDNH0NULETR5SDJV,BQMPJF0W2Z2E0PEW,Industrial Opinions,2017-02-02,9281,1
GPS31TNFE6T7J1H7,BQMPJF0W2Z2E0PEW,Industrial Opinions,2015-10-21,4379,0
JFUZ66U54ZS5076P,BQMPJF0W2Z2E0PEW,Industrial Opinions,2016-03-09,5144,0
FDUTT6RCAL9APFR5,BQMPJF0W2Z2E0PEW,Industrial Opinions,2017-05-02,9314,1
C1CJ4ITF3TTS458O,BQMPJF0W2Z2E0PEW,Industrial Opinions,2015-11-15,7263,0
I40791TIAER3NBC2,BQMPJF0W2Z2E0PEW,Industrial Opinions,2018-09-19,9011,0
F51XSDIV1RVNK482,BQMPJF0W2Z2E0PEW,Industrial Opinions,2018-11-17,6572,0
PMZY3CZE4VJT7CX7,BQMPJF0W2Z2E0PEW,Industrial Opinions,2016-01-18,9122,0
YBHRCXHUJSBOWN10,BQMPJF0W2Z2E0PEW,Industrial Opinions,2017-03-11,8935,0
3WKQD01GDWFQOW0K,BQMPJF0W2Z2E0PEW,Industrial Opinions,2017-02-06,9109,0
V8RFHUJKSGT0TT7F,BQMPJF0W2Z2E0PEW,Industrial Opinions,2018-01-04,6547,0
6HOP2Y4ORNK6HW4D,BQMPJF0W2Z2E0PEW,Industrial Opinions,2016-11-23,3857,0
JNKFETHVQKE3IQ2U,BQMPJF0W2Z2E0PEW,Industrial Opinions,2018-08-11,8912,0
JAKXO7DETNMJ5F26,R7ID6873ITH6GCLJ,Regional Art,2016-08-03,237,0
5Z32Q1TT63WCZCFN,R7ID6873ITH6GCLJ,Regional Art,2014-04-30,2177,0
SG30RH32SCZVB4QX,R7ID6873ITH6GCLJ,Regional Art,2016-12-17,3499,0
7UYTEW7Y2RM5WTC4,R7ID6873ITH6GCLJ,Regional Art,2014-08-06,4001,1
DD2IHOQY48MN2QE9,R7ID6873ITH6GCLJ,Regional Art,2018-04-17,5447,0
WLIFQDA4UHKJUTTG,R7ID6873ITH6GCLJ,Regional Art,2016-01-13,3993,1
1P4AZL0XM5YPZJ36,R7ID6873ITH6GCLJ,Regional Art,2015-03-29,1190,1
JYLA8KIOP45689EU,R7ID6873ITH6GCLJ,Regional Art,2018-08-23,547,0
R78OBUWCXSWBAM2F,R7ID6873ITH6GCLJ,Regional Art,2017-03-29,9413,0
GT2HK4BBK3GSPQPX,R7ID6873ITH6GCLJ,Regional Art,2016-06-05,5736,0
B5CRUQ2YRC9CZT78,R7ID6873ITH6GCLJ,Regional Art,2017-04-15,5987,0
I87WFIDOTQ1296DH,R7ID6873ITH6GCLJ,Regional Art,2017-12-15,8791,0
KVY5QRZLUQXTPP1M,R7ID6873ITH6GCLJ,Regional Art,2015-06-16,2230,0
XQA2GHLAN4H6EA90,R7ID6873ITH6GCLJ,Regional Art,2016-10-22,5714,1
A7HECMFF6VJBUSVF,R7ID6873ITH6GCLJ,Regional Art,2016-06-23,1339,0
Z1AWJAE0YEIUMDFS,R7ID6873ITH6GCLJ,Regional Art,2014-07-20,9764,0
2JTIWB2HF586ISEU,R7ID6873ITH6GCLJ,Regional Art,2018-10-18,5182,0
WK661VRF4WCKOKYV,R7ID6873ITH6GCLJ,Regional Art,2014-07-18,4324,0
564QVHWL6GZIEALQ,R7ID6873ITH6GCLJ,Regional Art,2015-01-03,2934,0
E4FXQ6P8K092R3JP,R7ID6873ITH6GCLJ,Regional Art,2017-11-11,2752,0
Y16LFXHYDNKF9P54,R7ID6873ITH6GCLJ,Regional Art,2015-09-29,7920,0
