Sales Rep,Sales Rep Id,Company Name,Company Id
Jessie Mcallister,97UNNAT790E0WM4N,Chimera-Chasing Casbah,LJKS5NK6788CYMUU
Jessie Mcallister,97UNNAT790E0WM4N,Tangential Sheds,36MFTZOYMTAJP1RK
Jessie Mcallister,97UNNAT790E0WM4N,Two-Mile Grab,H3JRC7XX7WJAD4ZO
Jessie Mcallister,97UNNAT790E0WM4N,Three-Men-And-A-Helper Congo'S,HB25MDZR0MGCQUGX
Jessie Mcallister,97UNNAT790E0WM4N,Biophysical Battleground,7RVA8TIVBLBXMNO4
Jessie Mcallister,97UNNAT790E0WM4N,Verbal Greenwich,KKM6EZRN9W5NYXP6
Jessie Mcallister,97UNNAT790E0WM4N,Unpremeditated Heliopolis,NBJDWUB8J2DHLH29
Jessie Mcallister,97UNNAT790E0WM4N,Excitatory Joint,D3Q0HECTK80RRGGO
Jessie Mcallister,97UNNAT790E0WM4N,Dandy Fist,KGJBNJQHPF0WZ6SI
Jessie Mcallister,97UNNAT790E0WM4N,Various Caesar,7FLAHMERFCITB6RT
Jessie Mcallister,97UNNAT790E0WM4N,Unhesitant Capercailzie,JYRK7UHZXGX4DLSX
Jessie Mcallister,97UNNAT790E0WM4N,Priestly Item-Categories,TAW7IY2L2IKUCCGC
Jessie Mcallister,97UNNAT790E0WM4N,Paleocortical Boatloads,NUQS9SHQH6IU92V8
Jessie Mcallister,97UNNAT790E0WM4N,Editorial Paintbrush,PQ79N68UEQ9FFCPU
Jessie Mcallister,97UNNAT790E0WM4N,Victorian Aim,93DU98KT3NZCOW58
Jessie Mcallister,97UNNAT790E0WM4N,Atune Endowment,HYENPHTT6GZ7O2WY
Jessie Mcallister,97UNNAT790E0WM4N,Industrial Opinions,BQMPJF0W2Z2E0PEW
Jessie Mcallister,97UNNAT790E0WM4N,Regional Art,R7ID6873ITH6GCLJ
Lois Bowers,RRD2R9XMAJDP7TUY,Fantastic Re-Enactments,W2X6NP1JBOKWCO33
Lois Bowers,RRD2R9XMAJDP7TUY,Infamous Inoculation,D459BZ8Z7N1KAFGU
Lois Bowers,RRD2R9XMAJDP7TUY,Simple-Seeming Tenure,MR6NETSKD2PSN54L
Lois Bowers,RRD2R9XMAJDP7TUY,Genteel Facility,2K2NYUSW1RL19Z2J
Lois Bowers,RRD2R9XMAJDP7TUY,Razor-Sharp Guests,PYAQ341Y4240ACP4
Lois Bowers,RRD2R9XMAJDP7TUY,Serious-Minded Weld,4VVOCC6ELGQAOZ7T
Lois Bowers,RRD2R9XMAJDP7TUY,"Fast-Firing $10,000",H8F5GIJX4PSKG38G
Lois Bowers,RRD2R9XMAJDP7TUY,Care-Free Arp,HYCHYUBNXEQTCM8G
Lois Bowers,RRD2R9XMAJDP7TUY,Imitative Beverage,7YHDP4UHI4A3L14F
Lois Bowers,RRD2R9XMAJDP7TUY,Spear-Throwing Futility,GMWAVMUM8WGA36EO
Lois Bowers,RRD2R9XMAJDP7TUY,Garish Bishopsgate,UZNNIG9MB0RI0Y1N
Lois Bowers,RRD2R9XMAJDP7TUY,Twenty-Page Schubert-Beethoven-Mozart,33KGPMDT6M0YEF01
Lois Bowers,RRD2R9XMAJDP7TUY,37Th Clean,7HGZXS01CG5878MT
Lois Bowers,RRD2R9XMAJDP7TUY,Overblown Pretext,GC0K2SWMTL8FLK5V
Lois Bowers,RRD2R9XMAJDP7TUY,Funniest Enfield,GZXOG3NKG0YH1W0D
Lois Bowers,RRD2R9XMAJDP7TUY,Ebullient Feasibility,RIJQXOEW4QKJ27GL
Lois Bowers,RRD2R9XMAJDP7TUY,Scandinavian Ethiopians,XFPT74S3VX6P9266
Melvin Dupree,G9T8KNQF8XD2XHTS,Gowned Kabalevsky,GMQMPYU5509PPMI3
Melvin Dupree,G9T8KNQF8XD2XHTS,Graven Villains,9A52T5784G5UY9Q4
Melvin Dupree,G9T8KNQF8XD2XHTS,Handmade Wisman,477C7WV0041AK635
Melvin Dupree,G9T8KNQF8XD2XHTS,Wide Authorization,POBNJ0RSNBYHS1QR
Betty Factor,VZV7I6YA8IAX510X,State-Local Minstrel,01W2DWJSSYIMC2CP
Betty Factor,VZV7I6YA8IAX510X,Sonic Longhorn,STWJXYYOW4BR5LQ1
Betty Factor,VZV7I6YA8IAX510X,Pro-U.N.F.P. Forecast,37QY8FVHWF13V25W
Betty Factor,VZV7I6YA8IAX510X,Experienced Week-Ends,Q6IT3K3LZ8F4224R
Betty Factor,VZV7I6YA8IAX510X,Half-Digested Podgers,69U5HWUSB6F43AS3
Betty Factor,VZV7I6YA8IAX510X,Unimportant Mullen,447Q6WU5EYDNNPLU
Betty Factor,VZV7I6YA8IAX510X,Razor-Sharp Aubrey'S,F9KQLDETDQSC8VFF
Betty Factor,VZV7I6YA8IAX510X,Acid-Fast Constraint,2JT15V12PUQFHWYW
Betty Factor,VZV7I6YA8IAX510X,All-Woman Stock,8RWKZWXG9LJD5P2W
Betty Factor,VZV7I6YA8IAX510X,World-Oriented Marcile,NPRLM2TWQH654UNX
Betty Factor,VZV7I6YA8IAX510X,Isolationistic Pp.,QW468WHW8ZBLK7IO
Betty Factor,VZV7I6YA8IAX510X,Sweat-Saturated Simplex,YQYHYH6EXL6KD379
Betty Factor,VZV7I6YA8IAX510X,Unasterisked Formby'S,U81JHOSTUDI8ZG4Q
Betty Factor,VZV7I6YA8IAX510X,Firmer Abyssinians,S9FNAKQWNPA4ATRO
Betty Factor,VZV7I6YA8IAX510X,Tenth Pandelli'S,XSXTU40F475GUVA9
Betty Factor,VZV7I6YA8IAX510X,Good-Looking Manny,YA4PBX6EFMRPYXDC
Betty Factor,VZV7I6YA8IAX510X,Indelicate Schoolchildren,LUXBWJ4DBYQ6N2N4
John Rodriguez,HQRE2LG21W2OHCY5,Free Adventists,HFGMRN0BM0B6HOPL
John Rodriguez,HQRE2LG21W2OHCY5,Immaculate Omen,KUNM2HEWXTYDWDQN
John Rodriguez,HQRE2LG21W2OHCY5,Painteresque Burial,VF6Y5VXBPPKFFWBT
John Rodriguez,HQRE2LG21W2OHCY5,Feminine Pilgrim,DPA7ME9QEK2ZM89H
John Rodriguez,HQRE2LG21W2OHCY5,Bluff Formosa,LUMY1AH4AKCDYRFK
John Rodriguez,HQRE2LG21W2OHCY5,42D Tapdance,LKNFC003XAQ7OOMF
John Rodriguez,HQRE2LG21W2OHCY5,Kinetic Qualities,GWY2NSN3MOCN1VXZ
John Rodriguez,HQRE2LG21W2OHCY5,Even-Handed Dimensions,QZ3OO99EM7X5NYVT
Jeffrey Edwards,SKF2FH8QYJVNMOEH,Protoplasmic Docherty,MRZ24N5NX8FLRMYK
Jeffrey Edwards,SKF2FH8QYJVNMOEH,Abdominal Nw,VVCEUJOHQ7AFRY46
Jeffrey Edwards,SKF2FH8QYJVNMOEH,Cerebral Doc,FQYYZSPD3349795L
Jeffrey Edwards,SKF2FH8QYJVNMOEH,High-Powered Decorators,AUTK9BY90ES64K11
Jeffrey Edwards,SKF2FH8QYJVNMOEH,Raspberry Wwrl,795JHN85L38J2FLE
Jeffrey Edwards,SKF2FH8QYJVNMOEH,Thirsty Idea,KPWT9Z00K0JDLYHV
Jeffrey Edwards,SKF2FH8QYJVNMOEH,Painless Endowments,T3WUZS4TGXTJS1N0
Jeffrey Edwards,SKF2FH8QYJVNMOEH,Ergotropic Lucretia,4U02X8YRKMWQZWOX
Jeffrey Edwards,SKF2FH8QYJVNMOEH,Big-Large X-Rays,P8PM19OV4C8GNPO5
Jeffrey Edwards,SKF2FH8QYJVNMOEH,Brown Ambiguities,21G0LXKZMAVPIKBR
Jeffrey Edwards,SKF2FH8QYJVNMOEH,Shocking Pitfall,VBBRXBP4XNLGM5UG
Jeffrey Edwards,SKF2FH8QYJVNMOEH,Elastic Manor,79MIQUZYK44G8M5B
Jeffrey Edwards,SKF2FH8QYJVNMOEH,Fierce One-Fifth,22K79ZDHB9P3SFQ3
Jeffrey Edwards,SKF2FH8QYJVNMOEH,Dependable Berkshires,TNZ0HW7QQ6PJ6NZE
Jeffrey Edwards,SKF2FH8QYJVNMOEH,Sweet-Sour Radiopasteurization,C311S8RJ0CVS2UT5
Latesha Tessitore,7BHT6W2NBWQC5X8T,Excitatory Affects,0YL0C6NCAS7HUZ4R
Latesha Tessitore,7BHT6W2NBWQC5X8T,Three-Dimensional Biscayne,CUU0LS1YSVE73SQ9
Latesha Tessitore,7BHT6W2NBWQC5X8T,Stormbound Lebensraum,4BIQ6A59D88VUYUF
Latesha Tessitore,7BHT6W2NBWQC5X8T,Regrettable Onslaught,4V28E6O6Y52PWZ7Y
Latesha Tessitore,7BHT6W2NBWQC5X8T,Megakaryocytic Producer,POZ4YPQEAJ1C3JHI
Latesha Tessitore,7BHT6W2NBWQC5X8T,Scientific Clint,AT63LOQT6EGJ0SIF
Latesha Tessitore,7BHT6W2NBWQC5X8T,Snob-Clannish Lighter,KLEB8Q79LUVIZFEX
Latesha Tessitore,7BHT6W2NBWQC5X8T,Mono-Unsaturated Dickson,U9VU1V7KV261IYDB
Latesha Tessitore,7BHT6W2NBWQC5X8T,Drugless Hiss,YYQUFMDXMYMRZ6OO
Latesha Tessitore,7BHT6W2NBWQC5X8T,Super Grab,ZXS1AR3G66YR07K4
Latesha Tessitore,7BHT6W2NBWQC5X8T,Beautifully-Built Over-Achievers,RL290ES1O3B0XWTY
Billy Breece,NCSC6S6XU5TJF3VC,Quaint Recollection,A5LFM40Z21P7VS3V
Billy Breece,NCSC6S6XU5TJF3VC,Aggressive Richey,9HUDWGJ1CU1IKMEJ
Billy Breece,NCSC6S6XU5TJF3VC,Non-Dissonant Building,A6O0IJF9WXB6IRUN
Billy Breece,NCSC6S6XU5TJF3VC,Easiest Furnishing,UJ3OM6D60AY8U1OP
Billy Breece,NCSC6S6XU5TJF3VC,Castro-Held Butterflies,RS6NTIF00KZ2IFNH
Billy Breece,NCSC6S6XU5TJF3VC,Self-Deluded Thuds,ERSHMU9VKMGX5L0Z
Billy Breece,NCSC6S6XU5TJF3VC,Editorial Dinsmore,CADVM8J045NPUSMA
Billy Breece,NCSC6S6XU5TJF3VC,Grandiloquent Flock'S,1E8UMY3GLYW9NX51
Billy Breece,NCSC6S6XU5TJF3VC,Many-Faced Aliah,LCF7SVAXAK9RNSX4
Billy Breece,NCSC6S6XU5TJF3VC,Attractive Fritzie'S,886F77BR8QLCBQZV
Paul Gade,CJBG9E6WWTF3WR9S,Flimsy Rush,ZLKMONIFMJ5HZRH6
Paul Gade,CJBG9E6WWTF3WR9S,Stumpy Opening-Day,GV9BSYMH61Z4Y9X2
Paul Gade,CJBG9E6WWTF3WR9S,Constant Commonwealth,PP12CZ5B07PVNWZ9
Paul Gade,CJBG9E6WWTF3WR9S,Vulpine Wilcke,GL7WAAR2PLZOIA9J
Paul Gade,CJBG9E6WWTF3WR9S,Octagonal Station'S,NRM75VF7GENJJ3HC
Paul Gade,CJBG9E6WWTF3WR9S,Fatherly Meq,I7AWOJEL8XF2I3CO
Paul Gade,CJBG9E6WWTF3WR9S,Over-Arranged Aggressions,J9M80SR7MVQEAM5R
Paul Gade,CJBG9E6WWTF3WR9S,Thick-Walled Trimmings,735G1K4YI5SJ10TZ
Paul Gade,CJBG9E6WWTF3WR9S,Surreptitious Puppy,O13FTWQMY3GSOCT0
Paul Gade,CJBG9E6WWTF3WR9S,Fibrous Aids,7ZYTU1A49UHD61D0
